titulo,anio,categoria,descripcion,imagen_url,tipo,director,actores
Cadena Perpetua,1994,Drama,"Andrew Dufresne es un hombre inocente que es acusado del asesinato de su mujer. Tras ser condenado a cadena perpetua, es enviado a la cárcel de Shawshank, en Maine.","https://m.media-amazon.com/images/I/61-vQDr7ecL._AC_UF894,1000_QL80_.jpg",P,Frank Darabont,"Tim Robbins, Morgan Freeman"
Inception,2010,Accion,"Dom Cobb es un ladrón capaz de adentrarse en los sueños de la gente y hacerse con sus secretos. Sin embargo, ahora tiene que llevar a cabo una misión diferente a lo que ha hecho siempre: realizar una inserción para implantar una idea en el subconsciente de una persona.",https://m.media-amazon.com/images/M/MV5BMjAxMzY3NjcxNF5BMl5BanBnXkFtZTcwNTI5OTM0Mw@@._V1_FMjpg_UX1000_.jpg,P,Christopher Nolan,"Leonardo DiCaprio, Joseph Gordon-Levitt"
The Matrix,1999,Accion,"El programador informático Thomas Anderson, más conocido en el mundo de los ""hackers"" como Neo, está en el punto de mira del temible agente Smith. Otros dos piratas informáticos, Trinity y Morfeo, se ponen en contacto con Neo para ayudarlo a escapar. Matrix te posee. Sigue al conejo blanco.",https://pics.filmaffinity.com/Matrix-430409153-large.jpg,P,Lana Wachowski,"Keanu Reeves, Laurence Fishburne"
Interstellar,2014,Aventura,"Un grupo de científicos y exploradores, encabezados por Cooper, se embarcan en un viaje espacial para encontrar un lugar con las condiciones necesarias para reemplazar a la Tierra y comenzar una nueva vida allí.",https://m.media-amazon.com/images/M/MV5BYzdjMDAxZGItMjI2My00ODA1LTlkNzItOWFjMDU5ZDJlYWY3XkEyXkFqcGc@._V1_FMjpg_UX1000_.jpg,P,Christopher Nolan,"Matthew McConaughey, Anne Hathaway"
The Dark Knight,2008,Accion,"Con la ayuda del teniente Jim Gordon y del Fiscal del Distrito Harvey Dent, Batman mantiene a raya el crimen organizado en Gotham. Todo cambia cuando aparece el Joker, un nuevo criminal que desencadena el caos y tiene aterrados a los ciudadanos.",https://m.media-amazon.com/images/M/MV5BMTMxNTMwODM0NF5BMl5BanBnXkFtZTcwODAyMTk2Mw@@._V1_FMjpg_UX1000_.jpg,P,Christopher Nolan,"Christian Bale, Heath Ledger"
El club de la lucha,1999,Drama,Un empleado de oficina insomne en busca de una manera de cambiar su vida se cruza con un vendedor y crean un club de lucha clandestino como forma de terapia.,https://m.media-amazon.com/images/M/MV5BOTgyOGQ1NDItNGU3Ny00MjU3LTg2YWEtNmEyYjBiMjI1Y2M5XkEyXkFqcGc@._V1_FMjpg_UX1000_.jpg,P,David Fincher,"Brad Pitt, Edward Norton"
Pulp Fiction,1994,Crimen,"Historias de dos matones, un boxeador y una pareja de atracadores de poca monta envueltos en una violencia espectacular e irónica.",https://pics.filmaffinity.com/Pulp_Fiction-210382116-large.jpg,P,Quentin Tarantino,"John Travolta, Uma Thurman, Samuel L. Jackson"
Snatch. Cerdos y diamantes,2000,Crimen / Comedia Negra,"Promotores de boxeo sin escrúpulos, corredores de apuestas violentos, un gánster ruso, ladrones aficionados y supuestos joyeros judíos luchan por localizar un diamante robado de valor incalculable.",https://m.media-amazon.com/images/M/MV5BMThmZGY1MDYtNGJlNC00NWU2LWFmZDMtZWY0NTgzMDIxZTRhXkEyXkFqcGc@._V1_FMjpg_UX1000_.jpg,P,Guy Ritchie,"Jason Statham, Brad Pitt, Stephen Graham"
Gladiator,2000,Accion,"El general romano Máximo es el soporte más leal del emperador Marco Aurelio, que lo ha conducido de victoria en victoria. Sin embargo, Cómodo, el hijo de Marco Aurelio, está celoso del prestigio de Máximo y aún más del amor que su padre siente por él.",https://es.web.img3.acsta.net/medias/nmedia/18/70/92/02/20149073.jpg,P,Ridley Scott,"Russell Crowe, Joaquin Phoenix"
El Señor de los Anillos: la Comunidad del Anillo,2001,Aventura - Ciencia Ficcion,"En la Tierra Media, el Señor Oscuro Sauron forjó los Grandes Anillos del Poder y creó uno con el poder de esclavizar a toda la Tierra Media. Frodo Bolsón es un hobbit al que su tío Bilbo hace portador del poderoso Anillo Único con la misión de destruirlo.",https://es.web.img3.acsta.net/medias/nmedia/18/89/67/45/20061512.jpg,P,Peter Jackson,"Elijah Wood, Ian McKellen, Viggo Mortensen"
Avatar,2009,Accion,"Entramos en el mundo Avatar de la mano de Jake Sully, un ex-Marine en silla de ruedas, que ha sido reclutado para viajar a Pandora, donde existe un mineral raro y muy preciado que puede solucionar la crisis energética existente en la Tierra.",https://es.web.img3.acsta.net/medias/nmedia/18/92/13/82/20182449.jpg,P,James Cameron,"Sam Worthington, Zoe Saldaña"
Wolfs,2024,Thriller,Dos "fixers" solitarios son contratados para el mismo trabajo.,https://upload.wikimedia.org/wikipedia/en/thumb/4/48/Wolfs_%28film%29.jpg/250px-Wolfs_%28film%29.jpg,P,Jon Watts,"George Clooney, Brad Pitt"
Killing Them Softly,2012,Crimen,Jackie Cogan es un investigador que resuelve un golpe a una partida de póker de la mafia.,https://pics.filmaffinity.com/Maatalos_suavemente-949505272-large.jpg,P,Andrew Dominik,"Brad Pitt, Ray Liotta"
Goodfellas,1990,Crimen,La historia del ascenso y caída del socio de la mafia Henry Hill.,https://m.media-amazon.com/images/M/MV5BN2E5NzI2ZGMtY2VjNi00YTRjLWI1MDUtZGY5OWU1MWJjZjRjXkEyXkFqcGc@._V1_FMjpg_UX1000_.jpg,P,Martin Scorsese,"Robert De Niro, Ray Liotta, Joe Pesci"
Hail Caesar!,2016,Comedia,Un "fixer" de Hollywood en los años 50 intenta mantener a las estrellas del estudio a raya.,https://m.media-amazon.com/images/M/MV5BYmE1NDE2ODUtZmVmNi00OTM3LWFkOTItZDE2NGUwMTM0YjIyXkEyXkFqcGc@._V1_.jpg,P,Ethan Coen,"Josh Brolin, George Clooney"
Burn After Reading,2008,Comedia,Las memorias de un analista de la CIA caen en manos de empleados de gimnasio.,https://es.web.img2.acsta.net/medias/nmedia/18/67/01/33/20186971.jpg,P,Ethan Coen,"George Clooney, Brad Pitt, Frances McDormand"
O Brother Where Art Thou?,2000,Aventura,Tres convictos escapan buscando un tesoro en el sur profundo de los años 30.,https://m.media-amazon.com/images/M/MV5BMDhmMzZkYzctOTQ4MS00NWEzLWI1YzMtNTllZDhkYjgwOWQ0XkEyXkFqcGc@._V1_.jpg,P,Joel Coen,"George Clooney, John Turturro"
No Country for Old Men,2007,Thriller,La violencia y el caos estallan tras el descubrimiento de un maletín con dinero.,https://pics.filmaffinity.com/No_es_paais_para_viejos-847964252-large.jpg,P,Ethan Coen,"Tommy Lee Jones, Javier Bardem"
Donnie Brasco,1997,Crimen,Un agente del FBI se infiltra en la mafia y se identifica más con la vida criminal.,https://m.media-amazon.com/images/M/MV5BZWZkNDA2YTctZWJhZS00OTAzLThlODMtY2QyMzg1MTEwYjU2XkEyXkFqcGc@._V1_.jpg,P,Mike Newell,"Al Pacino, Johnny Depp"
City of God,2002,Crimen,Dos niños crecen en un barrio violento de Río de Janeiro tomando caminos diferentes.,https://es.web.img2.acsta.net/c_310_420/medias/nmedia/18/68/09/00/20071863.jpg,P,Fernando Meirelles,"Alexandre Rodrigues, Leandro Firmino"
Once Upon a Time in America,1984,Crimen,Un ex gángster judío regresa al Lower East Side de Manhattan.,https://m.media-amazon.com/images/M/MV5BN2IwMmVmOTktMWNiMi00NjFiLThlZDUtMDAyOGZiNmJjM2ExXkEyXkFqcGc@._V1_.jpg,P,Sergio Leone,"Robert De Niro, James Woods"
The Mothman Prophecies,2002,Terror,Un reportero investiga extraños sucesos en una pequeña ciudad.,https://m.media-amazon.com/images/S/pv-target-images/a173366b54816be5d7465ed1162ab02f0800c0275dc42e6052df3af7fd07febd.jpg,P,Mark Pellington,"Richard Gere, Laura Linney"
Alien: el octavo pasajero,1979,Terror,La tripulación de una nave comercial encuentra una forma de vida mortal.,https://static.wikia.nocookie.net/doblaje/images/2/2d/AliensI.jpg/revision/latest?cb=20210221184427&path-prefix=es,P,Ridley Scott,"Sigourney Weaver, Tom Skerritt"
Predator,1987,Accion,Un equipo de comandos es cazado por una criatura extraterrestre en la selva.,"https://m.media-amazon.com/images/I/81ht1oZSZ6L._AC_UF894,1000_QL80_.jpg",P,John McTiernan,"Arnold Schwarzenegger, Carl Weathers"
Friday the 13th,1980,Terror,Un grupo de consejeros de campamento es acechado por un asesino desconocido.,https://pics.filmaffinity.com/Martes_13-652224175-mmed.jpg,P,Sean S. Cunningham,"Betsy Palmer, Adrienne King"
A Nightmare on Elm Street,1984,Terror,El espíritu de un asesino persigue a adolescentes en sus sueños.,"https://m.media-amazon.com/images/I/8156-d1nUTL._AC_UF894,1000_QL80_.jpg",P,Wes Craven,"Heather Langenkamp, Johnny Depp"
The Simpsons,1989,Animacion,Las aventuras satíricas de una familia de clase trabajadora en Springfield.,https://m.media-amazon.com/images/M/MV5BNTU2OWE0YWYtMjRlMS00NTUwLWJmZWUtODFhNzJiMGJlMzI3XkEyXkFqcGc@._V1_FMjpg_UX1000_.jpg,S,Matt Groening,"Dan Castellaneta, Nancy Cartwright"
American Dad!,2005,Animacion,Las desventuras de un agente de la CIA y su excéntrica familia.,https://m.media-amazon.com/images/M/MV5BZDI4ZWYwMGUtZGE1Yi00OTc5LWI3NDctMGY4ZWE4NzI4NWUwXkEyXkFqcGc@._V1_.jpg,S,Seth MacFarlane,"Seth MacFarlane, Wendy Schaal"
Family Guy,1999,Animacion,En una ciudad de Rhode Island vive una familia disfuncional.,https://m.media-amazon.com/images/M/MV5BNTZlMGQ1YjEtMzVlNC00ZmMxLTk0MzgtZjdkYTU1NmUxNTQ0XkEyXkFqcGc@._V1_.jpg,S,Seth MacFarlane,"Seth MacFarlane, Alex Borstein"
Altered Carbon,2018,Ciencia Ficcion,En el futuro la consciencia se digitaliza y se almacena.,https://resizing.flixster.com/-XZAfHZM39UwaGJIFWKAE8fS0ak=/v3/t/assets/p14899996_b_v8_ab.jpg,S,Laeta Kalogridis,"Joel Kinnaman, Anthony Mackie"
Love Death & Robots,2019,Ciencia Ficcion,Colección de cortos animados de varios géneros.,https://pics.filmaffinity.com/love_death_robots-192878001-large.jpg,S,Tim Miller,"Varios"
Gomorrah,2014,Crimen,Una mirada interna al sindicato del crimen Camorra en Nápoles.,"https://m.media-amazon.com/images/I/81UzxfoC6tL._AC_UF894,1000_QL80_.jpg",S,Roberto Saviano,"Marco D'Amore, Salvatore Esposito"
Narcos,2015,Crimen,Una crónica de las hazañas criminales del capo de la droga Pablo Escobar.,https://es.web.img3.acsta.net/pictures/15/07/29/14/33/086520.jpg,S,Chris Brancato,"Wagner Moura, Pedro Pascal"
Stranger Things,2016,Ciencia Ficcion,Fuerzas sobrenaturales y experimentos secretos en un pueblo de Indiana.,https://pics.filmaffinity.com/stranger_things-875025085-large.jpg,S,Duffer Brothers,"Millie Bobby Brown, Finn Wolfhard"
Breaking Bad,2008,Crimen,Un profesor se convierte en capo de la droga.,https://m.media-amazon.com/images/M/MV5BMzU5ZGYzNmQtMTdhYy00OGRiLTg0NmQtYjVjNzliZTg1ZGE4XkEyXkFqcGc@._V1_.jpg,S,Vince Gilligan,"Bryan Cranston, Aaron Paul"
Prison Break,2005,Accion,Un ingeniero se encarcela para salvar a su hermano condenado a muerte.,"https://m.media-amazon.com/images/I/81o3j2JvSKL._AC_UF894,1000_QL80_.jpg",S,Paul Scheuring,"Wentworth Miller, Dominic Purcell"
El Señor de los Anillos: las dos torres,2002,Aventura - Ciencia Ficcion,"Los hobbits Frodo y Sam descubren que Gollum les está siguiendo. La criatura les promete guiarlos hasta las puertas de Mordor si después lo dejan libre. Aragorn, el elfo Legolas y Gimli el enano llegan al reino de Rohan y descubren que el rey Théoden está bajo el conjuro de Sarumán.",https://pics.filmaffinity.com/El_seanor_de_los_anillos_Las_dos_torres-660835653-large.jpg,P,Peter Jackson,"Elijah Wood, Ian McKellen, Viggo Mortensen"
El Señor de los Anillos: el retorno del Rey,2003,Aventura - Ciencia Ficcion,"La batalla por la Tierra Media ha empezado. Las fuerzas de Saruman han sido destruidas y por primera vez parece que hay una pequeña esperanza. Sin embargo, el poder de Sauron crece y su interés se centra en Gondor, el último reducto de los hombres, cuyo heredero es Aragorn.",https://pics.filmaffinity.com/El_seanor_de_los_anillos_El_retorno_del_rey-164432989-large.jpg,P,Peter Jackson,"Elijah Wood, Ian McKellen, Viggo Mortensen"
Terminator,1985,Accion - Ciencia Ficcion,"En el año 2029 las máquinas dominan el mundo. Los rebeldes que luchan contra ellas tienen como líder a John Connor, un hombre que nació en los años ochenta.",https://m.media-amazon.com/images/M/MV5BZmE0YzIxM2QtMGNlMi00MjRmLWE3MWMtOWQzMGVjMmU0YTFmXkEyXkFqcGc@._V1_.jpg,P,James Cameron,"Arnold Schwarzenegger, Linda Hamilton, Michael Biehn"
Zodiac,2007,Thriller - Crimen - Policiaca - Documental,"En los años sesenta y setenta, un asesino en serie se burla de la policía y los medios de comunicación enviándoles cartas y mensajes encriptados. Los investigadores de la policía y reporteros del periódico se obsesionan con el hecho de encontrar al elusivo asesino en serie.",https://m.media-amazon.com/images/M/MV5BOTY1ODc0YTYtOWM5Ni00MDc4LWE1MDgtYmM5M2Q0MjcyMzUwXkEyXkFqcGc@._V1_FMjpg_UX1000_.jpg,P,David Fincher,"Jake Gyllenhaal, Mark Ruffalo, Robert Downey Jr."
El Silencio de los Corderos,1991,Thriller - Crimen,"Tras una serie de crímenes donde a las víctimas les faltaba parte de la piel, una agente del FBI inicia su carrera particular para dar con el asesino. Para resolver el caso la agente encargada deberá entrevistarse con el doctor Hannibal Lecter.",https://pics.filmaffinity.com/El_silencio_de_los_corderos-767447992-large.jpg,P,Jonathan Demme,"Jodie Foster, Anthony Hopkins"
Red Dragon,2002,Thriller - Crimen,"Un investigador del FBI especializado en analizar la mente y el comportamiento de los asesinos en serie se ve obligado a recurrir a Hannibal Lecter, para que le ayude con un asesino de familias, cuyo patrón de conducta es imposible de desentrañar.",https://es.web.img3.acsta.net/medias/nmedia/18/82/04/81/19592828.jpg,P,Brett Ratner,"Anthony Hopkins, Edward Norton"
Se7en,1996,Thriller - Crimen - Policiaca,El veterano teniente Somerset está a punto de jubilarse y ser reemplazado por el impulsivo detective David Mills. Ambos tendrán que colaborar en la resolución de unos asesinatos cometidos por un psicópata que se basa en los siete pecados capitales.,"https://m.media-amazon.com/images/I/6185ykbgJcL._AC_UF894,1000_QL80_.jpg",P,David Fincher,"Brad Pitt, Morgan Freeman, Kevin Spacey"
Taxi Driver,1977,Crimen - Drama - Thriller,"Para sobrellevar el insomnio crónico que sufre desde su regreso de Vietnam, Travis Bickle trabaja como taxista nocturno en Nueva York.",https://encrypted-tbn0.gstatic.com/images?q=tbn:ANd9GcRXNnUbhgXpzdUWkvl0uX5amzp_KzoQKC_6HQ&s,P,Martin Scorsese,"Robert De Niro, Jodie Foster"
Enemigo a las puertas,2001,Belico,"Dos francotiradores de élite, uno ruso y otro alemán, se enfrentan en un duelo personal durante la batalla de Stalingrado.",https://pics.filmaffinity.com/enemy_at_the_gates-479537758-large.jpg,P,Jean-Jacques Annaud,"Jude Law, Ed Harris, Rachel Weisz"
Apocalypse Now,1979,Belico,"Durante la guerra de Vietnam, al capitán Willard se le encarga la peligrosa misión de eliminar a un coronel renegado en Camboya.","https://m.media-amazon.com/images/I/A1fRVv87JrL._AC_UF894,1000_QL80_.jpg",P,Francis Ford Coppola,"Martin Sheen, Marlon Brando, Robert Duvall"
La chaqueta metálica,1987,Belico,"Un grupo de reclutas de los Marines se prepara bajo un brutal entrenamiento antes de enfrentarse a la crudeza de la guerra de Vietnam.",https://pics.filmaffinity.com/full_metal_jacket-577943737-large.jpg,P,Stanley Kubrick,"Matthew Modine, R. Lee Ermey, Vincent D'Onofrio"
La colina de la hamburguesa,1987,Belico,"Narra el asalto de la 101ª División Aerotransportada a una colina fuertemente fortificada por el ejército norvietnamita.",https://pics.filmaffinity.com/hamburger_hill-303756419-large.jpg,P,John Irvin,"Dylan McDermott, Steven Weber, Don Cheadle"
Platoon,1986,Belico,"Un joven soldado norteamericano se enfrenta a una crisis moral y a los horrores de la guerra en la jungla de Vietnam.","https://m.media-amazon.com/images/I/61juOMdMMIL._AC_UF894,1000_QL80_.jpg",P,Oliver Stone,"Charlie Sheen, Tom Berenger, Willem Dafoe"
Harry Potter y la piedra filosofal,2001,Fantasia,"Un niño huérfano descubre en su 11º cumpleaños que es un mago y es invitado a estudiar en el colegio Hogwarts.",https://m.media-amazon.com/images/M/MV5BYTkyYjVkNDItODc1Ny00NzA1LTkwY2YtZDUwNTlhMDk3MTZiXkEyXkFqcGc@._V1_FMjpg_UX1000_.jpg,P,Chris Columbus,"Daniel Radcliffe, Rupert Grint, Emma Watson"
Harry Potter y la cámara secreta,2002,Fantasia,"Harry ignora las advertencias de no regresar a Hogwarts, donde una fuerza oscura está atacando a los estudiantes.","https://m.media-amazon.com/images/I/51UizOJ+NFL._AC_UF894,1000_QL80_.jpg",P,Chris Columbus,"Daniel Radcliffe, Rupert Grint, Emma Watson"
Pet Sematary,1989,Terror,"El doctor Louis Creed se muda con su familia a una casa cerca de un cementerio de animales maldito, capaz de resucitar a los muertos con consecuencias terroríficas.","https://m.media-amazon.com/images/I/918MsSZJgJL._AC_UF894,1000_QL80_.jpg",P,Mary Lambert,"Dale Midkiff, Fred Gwynne, Denise Crosby, Brad Greenquist, Michael Lombard, Miko Hughes"
It,2017,Terror,"En el pueblo de Derry, varios niños desaparecen misteriosamente. Un grupo de chicos marginados deberá enfrentarse a sus mayores miedos y a un payaso asesino llamado Pennywise.",https://pics.filmaffinity.com/It-312381423-large.jpg,P,Andy Muschietti,"Bill Skarsgård, Jaeden Martell, Finn Wolfhard, Sophia Lillis, Jeremy Ray Taylor, Jack Dylan Grazer, Wyatt Oleff"
La ventana secreta,2004,Thriller,"Un escritor en proceso de divorcio se retira a una cabaña aislada, donde es acosado por un extraño que lo acusa de haber plagiado una de sus historias.",https://pics.filmaffinity.com/secret_window-245737047-large.jpg,P,David Koepp,"Johnny Depp, John Turturro, Maria Bello, Timothy Hutton, Charles S. Dutton, Len Cariou"
The Mist,2007,Terror,"Tras una violenta tormenta, una espesa niebla cubre un pequeño pueblo, atrapando a la gente en un supermercado mientras criaturas sedientas de sangre acechan fuera.",https://m.media-amazon.com/images/M/MV5BMTU2NjQyNDY1Ml5BMl5BanBnXkFtZTcwMTk1MDU1MQ@@._V1_FMjpg_UX1000_.jpg,P,Frank Darabont,"Thomas Jane, Marcia Gay Harden, Laurie Holden, Andre Braugher, Toby Jones, William Sadler, Jeffrey DeMunn"
El resplandor,1980,Terror,"Jack Torrance se traslada con su mujer y su hijo al impresionante hotel Overlook para encargarse del mantenimiento en invierno, pero el aislamiento le provoca trastornos de personalidad.",https://es.web.img3.acsta.net/pictures/14/04/15/10/46/568345.jpg,P,Stanley Kubrick,"Jack Nicholson, Shelley Duvall, Danny Lloyd, Scatman Crothers, Barry Nelson, Philip Stone"
2001: A Space Odyssey,1968,Ciencia Ficcion,"La humanidad encuentra un misterioso monolito enterrado en la Luna y envía una expedición a Júpiter controlada por la computadora HAL 9000 para investigar su origen.",https://es.web.img3.acsta.net/pictures/210/073/21007309_20130521161735454.jpg,P,Stanley Kubrick,"Keir Dullea, Gary Lockwood, William Sylvester, Daniel Richter, Leonard Rossiter, Margaret Tyzack"
Parque Jurásico,1993,Aventura,"Un multimillonario hace realidad su sueño de clonar dinosaurios y crear un parque temático, pero las medidas de seguridad fallan durante una visita de inspección.",https://pics.filmaffinity.com/Parque_Juraasico_Jurassic_Park-214895994-large.jpg,P,Steven Spielberg,"Sam Neill, Laura Dern, Jeff Goldblum, Richard Attenborough, Bob Peck, Martin Ferrero, Samuel L. Jackson, Wayne Knight"
Tiburón,1975,Thriller,"Un enorme tiburón blanco devorador de hombres aterroriza a los habitantes de Amity Island. Un jefe de policía, un biólogo y un cazatiburones intentan darle caza.",https://upload.wikimedia.org/wikipedia/commons/4/40/Jaws_movie_poster.jpg,P,Steven Spielberg,"Roy Scheider, Robert Shaw, Richard Dreyfuss, Lorraine Gary, Murray Hamilton, Carl Gottlieb"
Indiana Jones y la última cruzada,1989,Aventura,"Indiana Jones debe rescatar a su padre, un arqueólogo que ha desaparecido mientras buscaba el Santo Grial, antes de que los nazis se apoderen de la reliquia.",https://pics.filmaffinity.com/Indiana_Jones_y_la_aultima_cruzada-834556032-large.jpg,P,Steven Spielberg,"Harrison Ford, Sean Connery, Denholm Elliott, Alison Doody, John Rhys-Davies, River Phoenix, Julian Glover"
La guerra de los mundos,2005,Ciencia Ficcion,"La Tierra es invadida por máquinas de guerra alienígenas. Un estibador divorciado lucha por sobrevivir y proteger a sus dos hijos en medio de la devastación.",https://pics.filmaffinity.com/La_guerra_de_los_mundos-956978195-large.jpg,P,Steven Spielberg,"Tom Cruise, Dakota Fanning, Miranda Otto, Justin Chatwin, Tim Robbins, Rick Gonzalez"
Gangs of New York,2002,Crimen,"Nueva York, 1863. Amsterdam Vallon regresa al barrio de Five Points para vengarse de 'Bill el Carnicero', el hombre que asesinó a su padre años atrás.",https://m.media-amazon.com/images/M/MV5BMTQ0MDA0MTUtYzkzMi00NDY3LThhZDEtNGM4MWUwYzMyZDk5XkEyXkFqcGc@._V1_.jpg,P,Martin Scorsese,"Leonardo DiCaprio, Daniel Day-Lewis, Cameron Diaz, Jim Broadbent, John C. Reilly, Henry Thomas, Liam Neeson, Brendan Gleeson"
Mean Streets,1973,Crimen,"Charlie, un joven italoamericano que trata de ascender en la mafia local de Nueva York, se ve obstaculizado por su sentimiento de responsabilidad hacia su imprudente amigo Johnny Boy.",https://upload.wikimedia.org/wikipedia/en/2/26/Mean_Streets_original_1973_theatrical_poster.png,P,Martin Scorsese,"Robert De Niro, Harvey Keitel, David Proval, Amy Robinson, Richard Romanus, Cesare Danova"
Star Wars: Episodio I - La amenaza fantasma,1999,Ciencia Ficcion,"Dos caballeros Jedi rescatan a la reina Amidala de una invasión y descubren a un joven esclavo con una conexión inusualmente fuerte con la Fuerza.",https://static.wikia.nocookie.net/esstarwars/images/7/75/EPI_TPM_poster.png/revision/latest?cb=20240316183455,P,George Lucas,"Liam Neeson, Ewan McGregor, Natalie Portman, Jake Lloyd, Ian McDiarmid, Pernilla August, Ahmed Best, Anthony Daniels"
Star Wars: Episodio II - El ataque de los clones,2002,Ciencia Ficcion,"Diez años después, Anakin Skywalker comparte un romance prohibido con Padmé, mientras Obi-Wan investiga un intento de asesinato que lleva al descubrimiento de un ejército secreto de clones.",https://static.wikia.nocookie.net/esstarwars/images/d/dd/Attack-Clones-Poster.jpg/revision/latest?cb=20240331173853,P,George Lucas,"Ewan McGregor, Natalie Portman, Hayden Christensen, Christopher Lee, Samuel L. Jackson, Frank Oz, Ian McDiarmid"
Star Wars: Episodio III - La venganza de los Sith,2005,Ciencia Ficcion,"Las Guerras Clon terminan y los Sith revelan su plan milenario. Anakin Skywalker es seducido por el lado oscuro de la Fuerza, convirtiéndose en Darth Vader.",https://static.wikia.nocookie.net/esstarwars/images/f/fa/Ep3_poster.jpg/revision/latest?cb=20060407220934,P,George Lucas,"Ewan McGregor, Natalie Portman, Hayden Christensen, Ian McDiarmid, Samuel L. Jackson, Jimmy Smits, Frank Oz"
Star Wars: Episodio IV - Una nueva esperanza,1977,Ciencia Ficcion,"Luke Skywalker une fuerzas con un caballero Jedi, un piloto arrogante, un wookiee y dos droides para salvar a la galaxia de la estación de combate destructora de planetas del Imperio.","https://m.media-amazon.com/images/I/71C+KwExtCL._AC_UF894,1000_QL80_.jpg",P,George Lucas,"Mark Hamill, Harrison Ford, Carrie Fisher, Alec Guinness, Peter Cushing, Anthony Daniels, Kenny Baker, Peter Mayhew, David Prowse"
Star Wars: Episodio V - El imperio contraataca,1980,Ciencia Ficcion,"Mientras el Imperio persigue a los rebeldes, Luke Skywalker comienza su entrenamiento Jedi con Yoda. Darth Vader intenta atraer a Luke al lado oscuro.",https://www.commonsensemedia.org/sites/default/files/styles/ratio_2_3_medium/public/product-images/csm-movie/empire-strikes-back-poster-big.jpg,P,Irvin Kershner,"Mark Hamill, Harrison Ford, Carrie Fisher, Billy Dee Williams, Anthony Daniels, David Prowse, Peter Mayhew, Frank Oz"
Star Wars: Episodio VI - El retorno del Jedi,1983,Ciencia Ficcion,"Tras rescatar a Han Solo, los rebeldes lanzan un ataque contra la segunda Estrella de la Muerte. Luke se enfrenta a Vader por última vez ante el Emperador.",https://static.wikia.nocookie.net/esstarwars/images/b/b2/ReturnOfTheJediPoster1983.jpg/revision/latest?cb=20200623214315,P,Richard Marquand,"Mark Hamill, Harrison Ford, Carrie Fisher, Billy Dee Williams, Anthony Daniels, Peter Mayhew, Ian McDiarmid, Sebastian Shaw"
Piratas del Caribe: La maldición de la Perla Negra,2003,Aventura - Fantasia,"El herrero Will Turner se une al excéntrico capitán pirata Jack Sparrow para salvar a su amada, la hija del gobernador, de los antiguos aliados piratas de Jack, que ahora son no-muertos.",https://m.media-amazon.com/images/M/MV5BOWQzNjMzZmUtYmM5OS00NmFmLWE0NzktZGI0YmIwOWZiMTM3XkEyXkFqcGc@._V1_FMjpg_UX1000_.jpg,P,Gore Verbinski,"Johnny Depp, Geoffrey Rush, Orlando Bloom, Keira Knightley, Jack Davenport, Jonathan Pryce, Lee Arenberg, Mackenzie Crook"
Piratas del Caribe: El cofre del hombre muerto,2006,Aventura - Fantasia,"Jack Sparrow descubre que tiene una deuda de sangre con el legendario Davy Jones, capitán del barco fantasma El Holandés Errante. Debe encontrar la forma de saldarla o su alma será condenada.",https://static.wikia.nocookie.net/piratasdelcaribe-es-la/images/b/be/Piratas_del_Caribe_el_cofre_del_hombre_muerto.jpg/revision/latest?cb=20170525112416&path-prefix=es,P,Gore Verbinski,"Johnny Depp, Orlando Bloom, Keira Knightley, Bill Nighy, Stellan Skarsgård, Jack Davenport, Kevin McNally, Naomie Harris"
Piratas del Caribe: En el fin del mundo,2007,Aventura - Fantasia,"Will Turner y Elizabeth Swann se alían con el capitán Barbossa para liberar a Jack Sparrow de la bodega de Davy Jones. Mientras, el barco fantasma arrasa los mares bajo el control de la Compañía de las Indias.",https://pics.filmaffinity.com/pirates_of_the_caribbean_at_world_s_end_aka_pirates_of_the_caribbean_3-210557633-large.jpg,P,Gore Verbinski,"Johnny Depp, Orlando Bloom, Keira Knightley, Geoffrey Rush, Chow Yun-Fat, Bill Nighy, Stellan Skarsgård, Tom Hollander"
Piratas del Caribe: En mareas misteriosas,2011,Aventura - Fantasia,"Jack Sparrow se cruza con una mujer de su pasado, Angélica, y no está seguro de si es amor o si ella es una estafadora que lo está utilizando para encontrar la legendaria Fuente de la Juventud.",https://static.wikia.nocookie.net/piratasdelcaribe-es-la/images/b/b2/Dibujo11.JPG/revision/latest?cb=20110626211840&path-prefix=es,P,Rob Marshall,"Johnny Depp, Penélope Cruz, Ian McShane, Geoffrey Rush, Kevin McNally, Sam Claflin, Astrid Bergès-Frisbey, Stephen Graham"
Menace II Society,1993,Crimen - Drama,"Un joven camello intenta escapar de la violenta vida del gueto de Watts, en Los Ángeles, mientras sus amigos se hunden más en el crimen.",https://play-lh.googleusercontent.com/Rv_ktLaCYhQHVVMjrVwKm6nB6tSRVDW-AzYE5S2aFoP9nDWThngeJ0ESV8FziHiU1QQw,P,The Hughes Brothers,"Tyrin Turner, Larenz Tate, Samuel L. Jackson, Jada Pinkett Smith"
Boyz n the Hood,1991,Crimen - Drama,"Tres amigos crecen en un peligroso barrio de Los Ángeles intentando sobrevivir a las bandas, las drogas y la violencia policial.","https://m.media-amazon.com/images/M/MV5BYzZhNDcyYTctOWU1My00ZmUzLWFmNmItZTIwY2JkNjVkZTdmXkEyXkFqcGc@._V1_QL75_UX190_CR0,0,190,281_.jpg",P,John Singleton,"Cuba Gooding Jr., Ice Cube, Morris Chestnut, Laurence Fishburne, Nia Long"
Juice,1992,Crimen - Thriller,"Cuatro adolescentes de Harlem buscan ganarse el respeto ('juice') en su barrio, pero sus vidas se descontrolan tras un atraco fallido.",https://pics.filmaffinity.com/Juice-465743050-large.jpg,P,Ernest R. Dickerson,"Omar Epps, Tupac Shakur, Jermaine Hopkins, Khalil Kain, Samuel L. Jackson"
Al sur de Los Ángeles,1992,Crimen - Drama,"Un antiguo pandillero sale de la cárcel reformado y trata de salvar a su hijo de seguir sus mismos pasos en las calles de South Central.",https://m.media-amazon.com/images/M/MV5BNzk5NDJlZDAtZWE4OC00ZGE3LWJmYjItNmVjN2Y3NDlhNWEwXkEyXkFqcGc@._V1_.jpg,P,Stephen Milburn Anderson,"Glenn Plummer, Byron Keith Minns, Carl Lumbly"
Poetic Justice,1993,Drama - Romance,"Una peluquera que escribe poesía para sobrellevar la muerte de su novio se embarca en un viaje por carretera con un cartero hacia Oakland.",https://i.etsystatic.com/18242346/r/il/36d77d/3486439605/il_570xN.3486439605_5y4r.jpg,P,John Singleton,"Janet Jackson, Tupac Shakur, Regina King, Joe Torry"
Baby Boy,2001,Crimen - Drama,"Un joven inmaduro de 20 años, padre de dos hijos de mujeres diferentes, lucha por asumir las responsabilidades de la vida adulta en el sur de Los Ángeles.",https://imusic.b-cdn.net/images/item/original/636/5035822240636.jpg?movie-2014-baby-boy-dvd&class=scaled&v=1444753739,P,John Singleton,"Tyrese Gibson, Taraji P. Henson, Snoop Dogg, Ving Rhames"
Clockers,1995,Crimen - Misterio,"Un joven traficante de drogas de Brooklyn se ve atrapado entre su jefe y un detective de homicidios que investiga un asesinato en el barrio.",https://encrypted-tbn0.gstatic.com/images?q=tbn:ANd9GcS-1R89sF15eVpUT-hVh9T_oE73A-Lsa_bM8AGvxchGFKvhhoXoe-4u2YIyr1VAROo2vVWhzS0YJCWoG86P8tqT3A5DMquXHHc8kTOSorcK4w&s=10,P,Spike Lee,"Harvey Keitel, John Turturro, Delroy Lindo, Mekhi Phifer"
Straight Outta Compton,2015,Biografia - Musica,"Narra la historia del grupo de rap N.W.A. y cómo revolucionaron la música y la cultura pop con su honestidad brutal sobre la vida en el gueto.",https://encrypted-tbn0.gstatic.com/images?q=tbn:ANd9GcR__lXgna7CdsiYjEZxyhj-XB17jLw-v_O-yTJCHwF-BFNZS_qVzr8FLat9TGC1YSh0ZZE3Yq03oTweevr9_y8jqBMNqB11DCmbMq627as6&s=10,P,F. Gary Gray,"O'Shea Jackson Jr., Corey Hawkins, Jason Mitchell, Paul Giamatti"
8 Mile,2002,Drama - Musica,"Un joven rapero blanco de Detroit lucha por encontrar su voz y ganar respeto en el mundo de las batallas de rap mientras lidia con una vida familiar difícil.","https://m.media-amazon.com/images/I/91UYITG4VjL._AC_UF894,1000_QL80_.jpg",P,Curtis Hanson,"Eminem, Kim Basinger, Brittany Murphy, Mekhi Phifer, Anthony Mackie"
La Haine,1995,Drama - Crimen,"Tras unos disturbios en París provocados por una paliza policial, tres amigos de los suburbios deambulan por la ciudad con un revólver perdido por la policía.",https://pics.filmaffinity.com/la_haine_hate-391751524-large.jpg,P,Mathieu Kassovitz,"Vincent Cassel, Hubert Koundé, Saïd Taghmaoui"
Wu-Tang: An American Saga,2019,Biografia - Drama,"Serie que narra la formación del legendario grupo Wu-Tang Clan, mostrando cómo Bobby Diggs unió a una docena de jóvenes negros divididos por el crimen.",https://m.media-amazon.com/images/M/MV5BZmYwMTJhMGUtNTY2Yi00ZjE1LWI2MmEtYTZlOGU3NjM4MmNmXkEyXkFqcGc@._V1_FMjpg_UX1000_.jpg,S,RZA,"Ashton Sanders, Shameik Moore, Siddiq Saunderson, Julian Elijah Martinez, Dave East"
Mentes Peligrosas,1995,Drama,"Una ex marine abandona su carrera militar para convertirse en profesora de un instituto en un barrio marginal de California, donde intenta conectar con estudiantes conflictivos mediante métodos poco convencionales.","https://m.media-amazon.com/images/I/71C1MiMpdsL._UF894,1000_QL80_.jpg",P,John N. Smith,"Michelle Pfeiffer, George Dzundza, Courtney B. Vance, Robin Bartlett"
187,1997,Drama - Thriller,"Un profesor de secundaria que sobrevivió a un brutal apuñalamiento por parte de un alumno se traslada a Los Ángeles para volver a enseñar, pero el trauma y la violencia del nuevo entorno lo empujan al límite.",https://m.media-amazon.com/images/M/MV5BNGRjM2EyZWYtYzY3NS00MWZlLWEwNzktMGE1YTg2NTUwZmZkXkEyXkFqcGc@._V1_.jpg,P,Kevin Reynolds,"Samuel L. Jackson, John Heard, Kelly Rowan, Clifton Collins Jr."
Snowfall,2017,Crimen - Drama,"Los Ángeles, 1983. Una tormenta se avecina y su nombre es crack. La serie narra cómo una familia criminal, un agente de la CIA y un luchador mexicano cruzan sus caminos durante el inicio de la epidemia de cocaína.",https://m.media-amazon.com/images/S/pv-target-images/d3fc50310dbf177cab5cdfdb836f969f53bad3626700e1e9e9e5117afe8e5bb4.jpg,S,John Singleton,"Damson Idris, Carter Hudson, Sergio Peris-Mencheta, Isaiah John, Amin Joseph"
Todo en un viernes,1995,Comedia,"Craig y Smokey son dos amigos desempleados que pasan un viernes en el porche de su casa en South Central, lidiando con vecinos excéntricos, el matón del barrio y una deuda de 200 dólares que deben pagar antes de las 10 de la noche.",https://m.media-amazon.com/images/M/MV5BMWI3MmM2MTItN2MxZS00Y2NhLWE5ZWEtMzU3YWNiNmU3NmFmXkEyXkFqcGc@._V1_FMjpg_UX1000_.jpg,P,F. Gary Gray,"Ice Cube, Chris Tucker, Nia Long, Tommy 'Tiny' Lister, John Witherspoon, Regina King"
Vikings,2013,Accion - Aventura - Drama - Historico,"serie histórica y de drama que sigue las legendarias sagas de Ragnar Lothbrok, un guerrero campesino que se convierte en rey de las tribus vikingas, explorando nuevas tierras al oeste (Inglaterra). La trama aborda la expansión vikinga, sus conflictos con la cultura cristiana y las complejas relaciones familiares, de poder y lealtades. ",https://m.media-amazon.com/images/M/MV5BOTFmZmExYTEtYmE0Mi00MzRmLWE4ZDYtOThiNzNlOTIyODljXkEyXkFqcGc@._V1_.jpg,S,Michael Hirst,"Travis Fimmel, Katheryn Winnick, Clive Standen, Jessalyn Gilsig, Gustaf Skarsgård, Gabriel Byrne, George Blagden, Donal Logue, Alyssa Sutherland, Linus Roache, Alexander Ludwig, Ben Robson, Kevin Durand, Lothaire Bluteau, John Kavanagh, Peter Franzén, Jasper Pääkkönen, Alex Høgh, Andersen Marco, Ilsø David, Lindström Jordan, Patrick Smith, Moe Dunford, Jonathan Rhys, Meyers Danila, Kozlovsky Eric, Johnson Georgia, Hirst Ragga, Ragnars Ray Stevenson"
Troya,2004 ,Historica - Aventura - Accion,"En el año 1193 a. C., Paris (Orlando Bloom), hijo de Príamo y príncipe de Troya, rapta a Helena (Diane Kruger), esposa de Menelao, el rey de Esparta, lo que desencadena la Guerra de Troya, en la que se enfrentan griegos y troyanos. El ejército griego asedió la ciudad de Troya durante más de diez años.",https://es.web.img3.acsta.net/medias/nmedia/18/89/85/99/20070124.jpg,P,Wolfgang Petersen,"Brad Pitt, Eric Bana, Orlando Bloom, Diane Kruger, Brian Cox, Sean Bean, Brendan Gleeson, Rose Byrne, Peter O'Toole, Garrett Hedlund"
Akira,1998,Animacion,"Neo-Tokio, año 2019. Tras un extraño accidente, el joven Tetsuo es sometido a experimentos secretos para controlar la mente.",https://encrypted-tbn0.gstatic.com/images?q=tbn:ANd9GcS8cAs2B0G-_St9MtCc1__Io0pSEXsKkbZjr8UYhTfGgqRhhVh9wHihObGy9Uo9S-FDPVHgoZzEU0lTwG19oKAevinBkViLyJfWlEXwHsC_&s=10,P,Katsuhiro Ōtomo,-
Ghost in the Shell,1995,Animacion,"La agente cibernética Motoko Kusanagi es la líder de la unidad de servicio secreto de Shell Squad, responsable de combatir el crimen. Motoko debe detener a una inteligencia artificial antes de que pueda adquirir una forma humana.","https://m.media-amazon.com/images/I/71XbkLbwqZL._AC_UF894,1000_QL80_.jpg",P,Mamoru Oshii,-
El Viaje de Chihiro,2001,Animacion,Chihiro es una niña de diez años caprichosa y testaruda que cree que el universo entero debe someterse a sus deseos.,https://encrypted-tbn0.gstatic.com/images?q=tbn:ANd9GcTitkljYOi3aqSTXBeWZ-z1XUw8zdUl6_IxVPP3mwP6BdahaEqVJSktfacGTfLsAbFfJAG1ZSCUL_xcwCR326wzC7ud7TqTWA3gw-fm-e7j&s=10,P,Hayao Miyazaki,-
Cuentos de Terramar,2006,Animacion,"El mago Ged percibe que el mundo está en desequilibrio. Cuando conoce a Arren, un joven príncipe que dice que una sombra lo persigue, los dos se unen para descubrir qué está causando la inestabilidad en el mundo.",https://pics.filmaffinity.com/gedo_senki_aka_tales_from_earthsea_aka-289676671-mmed.jpg,P,Gorō Miyazaki,-
Vampire Hunter D,2000,Animacion,"Un millonario contrata a un buscador de tesoros mitad humano para encontrar a su hija, secuestrada por vampiros en el año 12090.",https://upload.wikimedia.org/wikipedia/en/thumb/4/4b/Vampire-hunter-d-poster.jpg/250px-Vampire-hunter-d-poster.jpg,P,Yoshiaki Kawajiri,-
Naussica,1984,Animacion,"Han pasado millones de años desde que una guerra mundial acabó con la Tierra. En el Valle del Viento vive Nausicaä, la princesa del reino e hija del Rey. Es una princesa guerrera, que lucha para que el mundo sea como antes.",https://i.ebayimg.com/images/g/C2wAAOSwLGtZsRSb/s-l640.jpg,P,Hayao Miyazaki,-
La Princesa Mononoke,1997,Animacion,"Con el fin de curar la herida que le ha causado un jabalí enloquecido, el joven Ashitaka sale en busca del dios Ciervo, pues sólo él puede liberarlo del sortilegio. A lo largo de su periplo descubre cómo los animales del bosque luchan contra hombres que están dispuestos a destruir la Naturaleza.",https://m.media-amazon.com/images/M/MV5BMmY2NzBhNGItZjVhZC00MzlmLTg4ZTQtZjI0N2JiYzc2NGMxXkEyXkFqcGc@._V1_.jpg,P,Hayao Miyazaki,-
El Castillo Ambulante,2004,Animacion,"Sophie, una joven de 18 años, trabaja sin descanso en la tienda de sombreros de su difunto padre. En uno de sus poco frecuentes paseos por la ciudad, Sophie conoce al mago Howl, un joven con poderes extraordinarios y extremadamente seductor.",https://pics.filmaffinity.com/hauru_no_ugoku_shiro-376386887-large.jpg,P,Hayao Miyazaki,-
Cowboy Bebop,1998,Animacion,"Las aventuras de un grupo de cazadores de recompensas que viajan por el sistema solar persiguiendo criminales, su oscuro y misterioso pasado se desvela a lo largo de su viaje.",https://m.media-amazon.com/images/M/MV5BMTU3ZTdiOGQtYmYwYy00OGM5LThmNjMtZGJmNTVlZjk1ZmEyXkEyXkFqcGc@._V1_.jpg,S," Shin'ichirō Watanabe, Keiko Nobumoto, Dai Satō, Michiko Yokote, Ryōta Yamaguchi, Sadayuki Murai, Akihiko Inari",-
Black Lagoon,2009,Animacion,"Black Lagoon sigue a Rokuro ""Rock"" Okajima, un oficinista japonés secuestrado por la Compañía Lagoon, un grupo de mercenarios que opera en la peligrosa ciudad de Roanapur (Tailandia). Tras ser abandonado por su empresa, Rock se une a ellos, adentrándose en un mundo de tiroteos, contrabando y mafias internacionales. ",https://encrypted-tbn0.gstatic.com/images?q=tbn:ANd9GcSzhK_j-QmT48bFSfqrMLiemOxChMi6bMfpw6AUf3824jAEdl_EdAY1fcfTMHJYC5kUG88jGctgFLO-Fk4ZblR8NzvI0T46rrfheZra5IeK&s=10,S,"Rei Hiroe, Sunao Katabuchi",-
One Piece,1999,Animacion,"One Piece sigue a Monkey D. Luffy, un joven optimista con cuerpo de goma que sueña con ser el Rey de los Piratas. Para lograrlo, forma la tripulación de los «Sombrero de Paja» y navega por peligrosos mares, buscando el tesoro máximo, el One Piece, escondido por el difunto Gol D. Roger. ",https://pics.filmaffinity.com/One_Piece_Serie_de_TV-830418147-large.jpg,S,Eiichirō Oda,-
Naruto,2002,Animacion,"Naruto sigue a un joven ninja huérfano y marginado, Naruto Uzumaki, quien busca reconocimiento sellando al zorro de nueve colas dentro de él. Su objetivo es convertirse en Hokage, el líder y ninja más fuerte de su aldea, Konoha, superando el desprecio de los aldeanos y entrenando para proteger a sus amigos. ",https://m.media-amazon.com/images/M/MV5BZTNjOWI0ZTAtOGY1OS00ZGU0LWEyOWYtMjhkYjdlYmVjMDk2XkEyXkFqcGc@._V1_FMjpg_UX1000_.jpg,S,Masashi Kishimoto,-
Samurai Champoo,2004,Animacion,"Dos guerreros samuráis rivales están lejos de ser amigos, pero sus caminos se cruzan cuando se embarcan en una búsqueda con Fuu, una camarera, para encontrar un misterioso samurái.","https://m.media-amazon.com/images/I/61AH150X3DL._AC_UF894,1000_QL80_.jpg",S,"Shin'ichirō Watanabe, Hideki Goto, Sanae Mitsugi, Shin'ichirō Kobayashi, Shirō Sasaki",-
Dexter,2006,Crimen - Accion - Drama,"Dexter Morgan es un analista de salpicaduras de sangre para el Departamento de Policía de Miami que vive una doble vida como asesino en serie psicópata. Siguiendo un estricto código ético inculcado por su padre adoptivo, Dexter busca y elimina únicamente a criminales que han evadido la justicia, saciando así su ""pasajero oscuro"". ",https://i.ebayimg.com/images/g/H6sAAOSw44BYCrUC/s-l1200.jpg,S,"John Dahl, Steve Shill, Keith Gordon, Marcos Siega, Ernest Dickerson","Michael C. Hall, Julie Benz, Jennifer Carpenter, Erik King, C. S. Lee, David Zayas, Lauren Vélez, James Remar, Desmond Harrington, Aimee Garcia"
Donnie Darko,2001,Terror - Ciencia Ficcion,"Donnie es un chico americano dotado de gran inteligencia e imaginación. Tras escapar milagrosamente de una muerte casi segura, comienza a sufrir alucinaciones que lo llevan a actuar como nunca hubiera imaginado y a descubrir un mundo insólito a su alrededor.",https://encrypted-tbn0.gstatic.com/images?q=tbn:ANd9GcSMFCtc3nKP8oEw0P9XUoFD0B6vuhVWUmLqJTpVV6XjcphL3xKa3dlDKwi88t06iwLWDPLP-rFGJ4Mtq2UUkCxMZG6HuU0uGCEq4SxBV5Mu&s=10,P,Richard Kelly,"Jake Gyllenhaal, Jena Malone, Drew Barrymore, Maggie Gyllenhaal, Mary McDonnell, Katharine Ross, Patrick Swayze, Holmes Osborne, Noah Wyle, Daveigh Chase, James Duval, Seth Rogen"
Juego de Tronos,2011,Accion - Ciencia Ficcion,"Juego de Tronos"" es una serie de fantasía épica que narra la violenta lucha de familias nobles por el control del Trono de Hierro en el continente de Poniente. Tras la muerte del rey Robert Baratheon, diversas casas (Stark, Lannister, Targaryen) se disputan el poder, mientras en el norte, una amenaza ancestral —los Caminantes Blancos— avanza, y en Essos, Daenerys Targaryen busca reclamar su derecho al trono con dragones. ",https://es.web.img3.acsta.net/pictures/19/03/22/10/08/5883111.jpg?coixp=50&coiyp=40,S,David Benioff y D.B. Weiss,"Emilia Clarke, Kit Harington, Peter Dinklage, Lena Headey, Nikolaj Coster-Waldau, Sophie Turner, Maisie Williams, Isaac Hempstead Wright, Richard Madden y Sean Bean."